{
    "format_version": "1.13.0",
    "minecraft:entity": {
        "description": {
            "identifier": "bd:bd_dummy",
            "is_spawnable": true,
            "is_summonable": true,
            "is_experimental": false
        },
        "component_groups": {
            "despawning": {
                "minecraft:type_family": {
                    "family": ["despawer", "despawer_despawning"]
                }
            },
			"dance": {
				"minecraft:behavior.lay_down": {
					"priority": 11,
					"random_interval": 230,
					"random_stop_interval": 2300
				}
			}
        },
        "components": {
            "minecraft:nameable": {},
            "minecraft:type_family": {
                "family": ["dummy"]
            },
            "minecraft:pushable": {
                "is_pushable": true,
                "is_pushable_by_piston": true
            },
            "minecraft:collision_box": {
                "width": 0.6,
                "height": 1.8
            },
            "minecraft:movement.basic": {},
            "minecraft:navigation.walk": {
                "is_amphibious": true,
                "can_pass_doors": true,
                "can_break_doors": true,
                "can_walk": true
            },
            "minecraft:annotation.break_door": {},
            "minecraft:follow_range": {
                "value": 2000
            },
			"minecraft:timer": {
                "looping": false,
                "time": 60,
                "time_down_event": {
                    "event": "minecraft:start_dance",
                    "target": "self"
                }
            },
            "minecraft:jump.static": {},
            "minecraft:can_climb": {},
            "minecraft:behavior.float": {
                "priority": 0
            },
            "minecraft:health": {
                "value": 20,
                "max": 20
            },
            "minecraft:movement": {
                "value": 0.0
            },
            "minecraft:loot": {
                "table": "loot_tables/entities/bd_dummy.json"
            },
            "minecraft:behavior.hurt_by_target": {
                "priority": 1
            },
            "minecraft:physics": {}
        },
        "events": {
            "minecraft:start_despawn": {
                "add": {
                    "component_groups": ["despawning"]
                }
            },
			"minecraft:start_dance": {
				"add": {
					"component_groups": [
						"dance"
					]
				}
			}
        }
    }
}
