{
  "format_version": "1.8.0",
  "animations": {
      "animation.slenderman.smca": {
      "timeline": {
      "0.0": [
      "/tag @s add slenderman"
      ],
      "0.1": [
      "/execute @a[r=10,m=!creative,c=1] ~ ~ ~ function static_player",
      "/execute @e[r=10,type=!player,tag=!slenderman,c=1] ~ ~ ~ function static_entity",
      "/playsound mob.slenderman.smc1 @a[r=10] ~ ~ ~ 5 1 1"
      ],
      "8.1": [
      "/effect @e[r=10] clear",
      "/replaceitem entity @a[r=10,m=!creative,c=1] slot.armor.head 0 air 1 1",
      "/playsound mob.slenderman.lights @a[r=10] ~ ~ ~ 5 1 1",
      "/spreadplayers ~ ~ 10 15 @s",
      "/effect @s invisibility 1 200 false"
      ],
      "9.3": [
      "/effect @s clear"/*,
      "variable.smca=0;"*/
      ]
      },
      "animation_length": 10,
      "loop":true
    },
    "animation.slenderman.smcb": {
      "timeline": {
      "0.0": [
      "/tag @s add slenderman"
      ],
      "0.1": [
      "/execute @a[r=10,m=!creative,c=1] ~ ~ ~ function static_player",
      "/execute @e[r=10,type=!player,tag=!slenderman,c=1] ~ ~ ~ function static_entity",
      "/playsound mob.slenderman.smc2 @a[r=10] ~ ~ ~ 5 1 1"
      ],
      "2.2": [
      "/summon effect:kill ^ ^ ^1",
      "/tp @e[type=effect:kill,r=1,c=1] @a[r=10,c=1]",
      "/replaceitem entity @a[r=10,m=!creative,c=1] slot.armor.head 0 air 1 1",
      "/playsound mob.blaze.death @a[r=10] ~ ~ ~ 5 1 1",
      "/stopsound @a mob.slenderman.smc2"
      ]/*,
      "2.3": [
      "variable.smcb=0;"
      ]*/
      },
      "animation_length": 3,
      "loop":true
    }
  }
}