{
  "format_version": "1.10.0",
  "minecraft:client_entity": {
    "description": {
      "identifier": "bd:bd096",
      "materials": {
        "default": "slime"
      },
      "textures": {
        "default": "textures/entity/096/096"
      },
      "geometry": {
        "default": "geometry.096"
      },
      "animations": {
        "moving": "animation.096.moving",
        "096_general": "animation.096.general",
        "attack1": "animation.096.attacking1",
		"attack2": "animation.096.attacking2",
		"raging": "animation.096.raging",
		"raging2": "animation.096.raging",
		"running": "animation.096.running",
		"crawling": "animation.096.crawling",
		"climbing": "animation.096.climbing",
		"killing": "animation.096.killing",
		"sitting": "animation.096.sitting",
		"sitting2": "animation.096.sitting2",
		"jumping": "animation.096.jump_attack",
		"lying": "animation.096.lying",
		"swimming": "animation.096.swimming",
        "look_at_target": "animation.common.look_at_target",

        "move": "controller.animation.096.move",
        "general": "controller.animation.096.general",
        "attack": "controller.animation.096.attack"
      },
      "scripts": {
        "animate": [
          "move", "general", "attack"
        ],
        "pre_animation": [
          "variable.attack = Math.sin(variable.attack_time * 30.0);",
		  "variable.random = math.round(math.random(0,1));"
        ]
      },
	  "particle_effects": {
		  "hit": "bd:claw"
	  },
      "render_controllers": [
        "controller.render.096"
      ],
      "spawn_egg": {
        "base_color": "#7e7e7d",
        "overlay_color": "#b0b0b0"
      }
    }
  }
}