{
  "format_version": "1.10.0",
  "minecraft:client_entity": {
    "description": {
      "identifier": "bd:bd_dummy",
      "materials": {
        "default": "spider"
      },
      "textures": {
        "default": "textures/entity/bd_dummy"
      },
      "geometry": {
        "default": "geometry.bd_dummy"
      },
	  "animations": {
        "moving": "animation.bd_dummy.moving",
        "bd_dummy_general": "animation.bd_dummy.general",
		"dance": "animation.bd_dummy.dance",
		"dance2": "animation.bd_dummy.dance2",
		"dance3": "animation.bd_dummy.dance3",
		"dance4": "animation.bd_dummy.dance4",

        "move": "controller.animation.bd_dummy.move",
        "general": "controller.animation.bd_dummy.general",
        "attack": "controller.animation.bd_dummy.attack"
      },
      "scripts": {
        "animate": [
          "move", "general"
        ],
        "pre_animation": [
		  "variable.random = math.round(math.random(0,3));"
        ]
      },
      "render_controllers": [
        "controller.render.096"
      ],
      "spawn_egg": {
        "base_color": "#d3a774",
        "overlay_color": "#d4c608"
      }
    }
  }
}