{
"format_version":"1.8.0",
"minecraft:entity":{
"description":{
"identifier":"creepypasta:jane_the_killer",
"is_spawnable":true,
"is_summonable":true,
"is_experimental":false
},
"component_groups":{
"run":{
"minecraft:behavior.avoid_mob_type":{
"priority":1,
"entity_types":[
{
"filters":{
"test":"is_family",
"subject":"other",
"value":"player"
},
"max_dist":10,
"walk_speed_multiplier":1.2,
"sprint_speed_multiplier":1.4
}
]
},
"minecraft:damage_sensor":{
"triggers":[
{
"filters":{
"test":"has_damage",
"operator":"<",
"value":12
},
"event":"run"
}
]
}
},

"base":{
"minecraft:damage_sensor":{
"triggers":[
{
"filters":{
"test":"has_damage",
"operator":">",
"value":12
},
"event":"run"
}
]
}
}


},
"components":{
"minecraft:nameable":{},
"minecraft:damage_sensor":{
"triggers":[
{
"filters":{
"test":"has_damage",
"operator":">",
"value":12
},
"event":"run"
}
]
},


"minecraft:spell_effects":{
"add_effects":[
{
"effect":"regeneration",
"amplifier":1,
"visible":false,
"ambient":false,
"duration":99999
}
]
},
"minecraft:breathable":{
"totalSupply":15,
"suffocateTime":0,
"breathesWater":true
},
"minecraft:health":{
"value":50,
"max":50
},
"minecraft:collision_box":{
"width":0.72,
"height":1.82
},
"minecraft:follow_range":{
"value":50,
"max":50
},
"minecraft:attack":{
"damage":15
},
"minecraft:equipment":{
"table":"blood_knife.json"
},
"minecraft:movement":{
"value":0.28
},
"minecraft:navigation.walk":{
"avoid_water":true
},
"minecraft:behavior.float":{
"priority":0
},
"minecraft:movement.basic":{
},
"minecraft:jump.dynamic":{
},
"minecraft:can_climb":{
},
"minecraft:scale":{
"value":1.0
},
"minecraft:behavior.hurt_by_target":{
"priority":1
},
"minecraft:behavior.nearest_attackable_target":{
"priority":2,
"reselect_targets":true,
"entity_types":[
{
"filters":{
"any_of":[
{"test":"is_family","subject":"other","value":"jeff"},
{"test":"is_family","subject":"other","value":"villager"},
{"test":"is_family","subject":"other","value":"Iron_golem"},
{"test":"is_family","subject":"other","value":"snow_golem"},
{"test":"is_family","subject":"other","value":"player"},
{"test":"is_family","subject":"other","value":"killer"},
{"test":"is_family","subject":"other","value":"monster"}
],
"all_of":[
{"test":"is_family","subject":"other","operator": "!=","value":"jane"}
]
},
"max_dist":35
}
],
"must_see":true
},
"minecraft:type_family": {
"family": [ "killer","jane" ]
},
"minecraft:behavior.melee_attack":{
"priority":3,
"target_dist":1.5,
"speed_multiplier":2.0,
"track_target":true
},
"minecraft:behavior.look_at_player":{
"priority":6,
"look_distance":8
},
"minecraft:behavior.random_look_around":{
"priority":6
},
"minecraft:physics":{
}
},

"events":{
"minecraft:entity_spawned":{

},
"run":{
"add":{
"component_groups":[
"run"
]
}
},
"stop_run":{
"remove":{
"component_groups":[
"run"
]
},
"add":{
"component_groups":[
"base"
]
}
}

}
}
}
