{
"format_version":"1.13.0",
"minecraft:entity":{
"description":{
"identifier":"creepypasta:slendy",
"is_spawnable":true,
"is_summonable":true,
"is_experimental":false,
"runtime_identifier":"creepypasta:slendy",
"scripts":{"animate":[
{"smca":"variable.has_target==1&&Math.abs(Math.sin(query.life_time*360))<0.5"},
{"smcb":"variable.has_target==1&&Math.abs(Math.sin(query.life_time*360))>0.5"}
]},"animations":{
"smca":"animation.slenderman.smca",
"smcb":"animation.slenderman.smcb"
}
},
"component_groups":{},
"components":{
"minecraft:nameable":{},
"minecraft:behavior.nearest_attackable_target":{
"priority":2,
"within_radius":30,
"must_see":true,
"entity_types":[
{
"filters":{
"any_of":[
{"test":"is_family","subject":"other","operator":"==","value":"player"},
{"test":"is_family","subject":"other","operator":"==","value":"villager"},
{"test":"is_family","subject":"other","operator":"==","value":"irongolem"},
{"test":"is_family","subject":"other","operator":"==","value":"snowgolem"},
{"test":"is_family","subject":"other","operator":"==","value":"monster"},
{"test":"is_family","subject":"other","operator":"==","value":"ErrorUnry"},
{"test":"is_family","subject":"other","operator":"==","value":"herobrine"},
{"test":"is_family","subject":"other","operator":"==","value":"ChaosEndy"},
{"test":"is_family","subject":"other","operator":"==","value":"Mixshadow"},
{"test":"is_family","subject":"other","operator":"==","value":"zalgo"},
{"test":"is_family","subject":"other","operator":"==","value":"monster"}
],
"all_of":[
{"test":"is_family","subject":"other","operator":"!=","value":"slenderman"},
{"test":"is_family","subject":"other","operator":"!=","value":"inanimate"},
{"test":"is_family","subject":"other","operator":"!=","value":"ticci_toby"},
{"test":"is_family","subject":"other","operator":"!=","value":"masky"},
{"test":"is_family","subject":"other","operator":"!=","value":"hoodie"}
]
},
"max_dist":40
}
]
},
"minecraft:breathable":{
"total_supply":15,
"suffocate_time":0,
"breathes_water":true
},
"minecraft:equipment":{
"table":"nothing.json"
},
"minecraft:fall_damage":{
"value":0.0
},
"minecraft:knockback_resistance":{
"value":99999999999999999999999999
},
"minecraft:attack":{
"damage":50
},
"minecraft:health":{
"value":300,
"max":300
},
"minecraft:collision_box": {
"width": 0.6,
"height": 2.9
},
"minecraft:movement":{
"value":0.18
},
"minecraft:navigation.walk":{
},
"minecraft:movement.basic":{
},
"minecraft:jump.static":{
},
"minecraft:can_climb":{
},
"minecraft:scale":{
"value":1.0
},
"minecraft:fire_immune":true,
"minecraft:behavior.hurt_by_target":{
"priority":3
},
"minecraft:behavior.delayed_attack":{
"priority":3,
"reach_multiplier":1.5,
"attack_duration":0.11,
"hit_delay_pct":0.3,
"track_target":true
},
"minecraft:behavior.random_stroll":{
"priority":4,
"speed_multiplier":1
},
"minecraft:behavior.look_at_player":{
"priority":6,
"look_distance":8
},
"minecraft:behavior.random_look_around":{
"priority":6
},
"minecraft:follow_range":{
"value":60
},
"minecraft:behavior.float":{
"priority":0
},
"minecraft:type_family":{
"family":["slenderman","creepypasta","monster"]
},

"minecraft:physics":{
},
"minecraft:pushable":{
"is_pushable":true,
"is_pushable_by_piston":true
}
},

"events":{
"minecraft:entity_spawned":{}


}
}
}
