{
    "format_version": "1.10.0",
    "animation_controllers": {
        "controller.animation.no_anim": {
            "states": {
                "default": {
                    "transitions": [{
                            "no_anim": "!query.is_alive"
                        }
                    ],
                    "on_entry": [
                        "@s bd"
                    ]
                },
                "no_anim": {
                    "transitions": [{
                            "default": "query.is_alive"
                        }
                    ],
                    "on_entry": [
                        "/effect @e[type=bd:bd096] levitation 0 0",
						"/say sas"
                    ]
                }
            }
        }
	}
}