{
	"format_version": "1.8.0",
	"animations": {
		"animation.bd_dummy.dance": {
			"loop": true,
			"bones": {
				"waist": {
					"rotation": [0, 0, "0+Math.sin(query.anim_time * 360 + 360) *4"],
					"position": ["0+Math.sin(query.anim_time * 500 + 500) *4", "0+Math.sin(query.anim_time * 500 + 500) *1", "0+Math.sin(query.anim_time * 180 + 180) *2"]
				},
				"body": {
					"rotation": ["15+Math.sin(query.anim_time * 180 + 180) *20", 0, "0+Math.sin(query.anim_time * 500 + 500) *-20"],
					"position": [0, "0+Math.sin(query.anim_time * 500 + 500) *-0.5", 0]
				},
				"head": {
					"rotation": ["-5+Math.sin(query.anim_time * 180 + 180) *-30", 0, "0+Math.sin(query.anim_time * 500 + 500) *20"]
				},
				"rightArm": {
					"rotation": ["-75+Math.sin(query.anim_time * 360 + 360) *-40", "0+Math.sin(query.anim_time * 180 + 180) *-40", "0+Math.sin(query.anim_time * 500 + 500) *-10"]
				},
				"leftArm": {
					"rotation": ["-75+Math.sin(query.anim_time * 360 + 360) *40", "0+Math.sin(query.anim_time * 180 + 180) *40", "0+Math.sin(query.anim_time * 500 + 500) *10"],
					"position": [0, 0, 0]
				},
				"rightLeg": {
					"rotation": ["0+Math.sin(query.anim_time * 180 + 180) *-10", 0, "2+Math.sin(query.anim_time * 500 + 500) *20"],
					"position": [0, "0+Math.sin(query.anim_time * 500 + 500) *-1", 0]
				},
				"leftLeg": {
					"rotation": ["0+Math.sin(query.anim_time * 180 + 180) *-10", 0, "-2+Math.sin(query.anim_time * 500 + 500) *20"],
					"position": [0, "0+Math.sin(query.anim_time * 500 + 500) *-1", 0]
				}
			}
		},
		"animation.bd_dummy.dance4": {
			"loop": true,
			"bones": {
				"waist": {
					"rotation": [0, 0, "0+Math.sin(query.anim_time * 360 + 360) *4"],
					"position": ["0+Math.sin(query.anim_time * 500 + 500) *4", "0+Math.sin(query.anim_time * 500 + 500) *1", "0+Math.sin(query.anim_time * 180 + 180) *2"]
				},
				"body": {
					"rotation": ["30+Math.sin(query.anim_time * 180 + 180) *40", 0, "0+Math.sin(query.anim_time * 500 + 500) *-20"],
					"position": [0, "0+Math.sin(query.anim_time * 500 + 500) *-0.5", 0]
				},
				"head": {
					"rotation": ["-35+Math.sin(query.anim_time * 180 + 180) *-30", 0, "0+Math.sin(query.anim_time * 500 + 500) *20"]
				},
				"rightArm": {
					"rotation": ["40+Math.sin(query.anim_time * 100 + 360) *100", -50, 0]
				},
				"leftArm": {
					"rotation": ["25+Math.sin(query.anim_time * 100 + 360) *100", 50, 0]
				},
				"rightLeg": {
					"rotation": ["0+Math.sin(query.anim_time * 180 + 180) *-10", 0, "2+Math.sin(query.anim_time * 500 + 500) *20"],
					"position": [0, "0+Math.sin(query.anim_time * 500 + 500) *-1", 0]
				},
				"leftLeg": {
					"rotation": ["0+Math.sin(query.anim_time * 180 + 180) *-10", 0, "-2+Math.sin(query.anim_time * 500 + 500) *20"],
					"position": [0, "0+Math.sin(query.anim_time * 500 + 500) *-1", 0]
				}
			}
		},
		"animation.bd_dummy.dance3": {
			"loop": true,
			"bones": {
				"waist": {
					"rotation": [0, 0, "0+Math.sin(query.anim_time * 360 + 360) *4"],
					"position": ["0+Math.sin(query.anim_time * 500 + 500) *4", "0+Math.sin(query.anim_time * 500 + 500) *1", "0+Math.sin(query.anim_time * 180 + 180) *2"]
				},
				"body": {
					"rotation": ["15+Math.sin(query.anim_time * 180 + 180) *20", 0, "0+Math.sin(query.anim_time * 500 + 500) *-20"],
					"position": [0, "0+Math.sin(query.anim_time * 500 + 500) *-0.5", 0]
				},
				"head": {
					"rotation": ["-5+Math.sin(query.anim_time * 180 + 180) *-30", 0, "0+Math.sin(query.anim_time * 500 + 500) *20"]
				},
				"rightArm": {
					"rotation": ["-35+Math.sin(query.anim_time * 360 + 360) *-50", -25, "0+Math.sin(query.anim_time * 500 + 500) *-10"]
				},
				"leftArm": {
					"rotation": ["-35+Math.sin(query.anim_time * 360 + 360) *-50", 25, "0+Math.sin(query.anim_time * 500 + 500) *10"],
					"position": [0, 0, 0]
				},
				"rightLeg": {
					"rotation": ["0+Math.sin(query.anim_time * 180 + 180) *-10", 0, "2+Math.sin(query.anim_time * 500 + 500) *20"],
					"position": [0, "0+Math.sin(query.anim_time * 500 + 500) *-1", 0]
				},
				"leftLeg": {
					"rotation": ["0+Math.sin(query.anim_time * 180 + 180) *-10", 0, "-2+Math.sin(query.anim_time * 500 + 500) *20"],
					"position": [0, "0+Math.sin(query.anim_time * 500 + 500) *-1", 0]
				}
			}
		},
		"animation.bd_dummy.dance2": {
			"loop": true,
			"bones": {
				"waist": {
					"rotation": [0, 0, "0+Math.sin(query.anim_time * 360 + 360) *4"],
					"position": [0, "0+Math.sin(query.anim_time * 500 + 500) *1", 0]
				},
				"body": {
					"rotation": ["5+Math.sin(query.anim_time * 180 + 180) *20", 0, "0+Math.sin(query.anim_time * 500 + 500) *-20"],
					"position": [0, "0+Math.sin(query.anim_time * 500 + 500) *-0.5", 0]
				},
				"head": {
					"rotation": ["-5+Math.sin(query.anim_time * 180 + 180) *-30", 0, "0+Math.sin(query.anim_time * 500 + 500) *20"]
				},
				"rightArm": {
					"rotation": ["-75+Math.sin(query.anim_time * 360 + 360) *-40", 0, 0]
				},
				"leftArm": {
					"rotation": ["-75+Math.sin(query.anim_time * 360 + 360) *40", 0, 0],
					"position": [0, 0, 0]
				},
				"rightLeg": {
					"rotation": ["-20+Math.sin(query.anim_time * 500 + 500) *-35", "0+Math.sin(query.anim_time * 360 + 360) *20", 2],
					"position": [0, "0+Math.sin(query.anim_time * 500 + 500) *-1", 0]
				},
				"leftLeg": {
					"rotation": ["-20+Math.sin(query.anim_time * 500 + 500) *35", "0+Math.sin(query.anim_time * 360 + 360) *-20", -2],
					"position": [0, "0+Math.sin(query.anim_time * 500 + 500) *-1", 0]
				}
			}
		},
		"animation.bd_dummy.general": {
			"loop": true
		}
	}
}