{
	"format_version": "1.10.0",
	"geometry.a": {
		"texturewidth": 64,
		"textureheight": 64,
		"visible_bounds_width": 3,
		"visible_bounds_height": 2,
		"visible_bounds_offset": [0, 1, 0],
		"bones": [
			{
				"name": "body",
				"pivot": [0, 24, 0],
				"reset": true,
				"cubes": [
					{"origin": [-4, 12, -2], "size": [8, 12, 4], "uv": [16, 16]},
					{"origin": [-4, 12, -2], "size": [8, 12, 4], "uv": [16, 32],"inflate":0.25}
				]
			},
			{
				"name": "head",
				"parent": "body",
				"pivot": [0, 24, 0],
				"reset": true,
				"cubes": [
					{"origin": [-4, 24, -4], "size": [8, 8, 8], "uv": [0, 0]},
					{"origin": [-4, 24, -4], "size": [8, 8, 8], "uv": [32, 0], "inflate": 0.5}
				]
			},
			{
				"name": "leftArm",
				"parent": "body",
				"pivot": [5, 21.5, 0],
				"reset": true,
				"cubes": [
					{"origin": [4, 19, -2], "size": [4, 5, 4], "uv": [32, 48]},
					{"origin": [4, 19, -2], "size": [4, 5, 4], "uv": [48, 48],"inflate": 0.25}
				]
			},
			{
				"name": "leftArm2",
				"parent": "leftArm",
				"pivot": [5, 18.5, 0],
				"reset": true,
				"cubes": [
					{"origin": [4, 12, -2], "size": [4, 7, 4], "uv": [48, 53], "inflate": 0.25},
					{"origin": [4, 12, -2], "size": [4, 7, 4], "uv": [32, 53]},
					{"origin": [4, 11.9, -2], "size": [4, 0, 4], "uv": [32, 48]}
				],
				"locators": {"left_hand": [5.8, 12, 0]}
			},
			{
				"name": "rightArm",
				"parent": "body",
				"pivot": [-5, 21.5, 0],
				"reset": true,
				"cubes": [
					{"origin": [-8, 19, -2], "size": [4, 5, 4], "uv": [40, 16]},
					{"origin": [-8, 19, -2], "size": [4, 5, 4], "uv": [40, 32],"inflate": 0.25}
				]
			},
			{
				"name": "rightArm2",
				"parent": "rightArm",
				"pivot": [-5, 19.5, 0],
				"reset": true,
				"cubes": [
					{"origin": [-8, 12, -2], "size": [4, 7, 4], "uv": [40, 21]},
					{"origin": [-8, 11.9, -2], "size": [4, 0, 4], "uv": [40, 16]},
					{"origin": [-8, 12, -2], "size": [4, 7, 4], "uv": [40, 37], "inflate": 0.25}
				],
				"locators": {"right_hand": [-5.8, 12, 0]}
			},
			{
				"name": "leftLeg",
				"parent": "body",
				"pivot": [1.9, 12, 1],
				"reset": true,
				"cubes": [
					{"origin": [0, 7, -2], "size": [4, 5, 4], "uv": [16, 48]},
					{"origin": [0, 7, -2], "size": [4, 5, 4], "uv": [0, 48],"inflate": 0.25}
				]
			},
			{
				"name": "leftLeg2",
				"parent": "leftLeg",
				"pivot": [1.9, 7, 1],
				"reset": true,
				"cubes": [
					{"origin": [0, 0, -2], "size": [4, 7, 4], "uv": [16, 53]},
					{"origin": [0, 0, -2], "size": [4, 7, 4], "uv": [0, 53],"inflate": 0.25},
					{"origin": [0, -0.01, -2], "size": [4, 0, 4], "uv": [16, 48]}
				]
			},
			{
				"name": "rightLeg",
				"parent": "body",
				"pivot": [-1.9, 12, 0],
				"reset": true,
				"cubes": [
					{"origin": [-4, 7, -2], "size": [4, 5, 4], "uv": [0, 16]},
					{"origin": [-4, 7, -2], "size": [4, 5, 4], "uv": [0, 32],"inflate": 0.25}
				]
			},
			{
				"name": "rightLeg2",
				"parent": "rightLeg",
				"pivot": [-1.9, 7, 0],
				"reset": true,
				"cubes": [
					{"origin": [-4, 0, -2], "size": [4, 7, 4], "uv": [0, 21]},
					{"origin": [-4, 0, -2], "size": [4, 7, 4], "uv": [0, 37],"inflate": 0.25},
					{"origin": [-4, -0.01, -2], "size": [4, 0, 4], "uv": [0, 16]}
				]
			},
			{
				"name": "rightItem",
				"parent": "rightArm2",
				"pivot": [-6, 15, 1]
			}
		]
	}
}