{
	"format_version": "1.10.0",
	"geometry.slenderman": {
		"texturewidth": 64,
		"textureheight": 64,
		"visible_bounds_width": 3,
		"visible_bounds_height": 3,
		"visible_bounds_offset": [0, 1.5, 0],
		"bones": [
			{
				"name": "body",
				"pivot": [0, 40, 0],
				"reset": true,
				"cubes": [
					{"origin": [-4, 28, -2], "size": [8, 12, 4], "uv": [16, 16]},
					{"origin": [-4, 28, -2], "size": [8, 12, 4], "uv": [16, 32], "inflate": 0.25}
				]
			},
			{
				"name": "head",
				"parent": "body",
				"pivot": [0, 40, 0],
				"cubes": [
					{"origin": [-4, 40, -4], "size": [8, 8, 8], "uv": [0, 0]},
					{"origin": [-4, 41, -4], "size": [8, 8.1, 8], "uv": [0, 0], "inflate": -0.2}
				]
			},
			{
				"name": "rightArm",
				"parent": "body",
				"pivot": [-4, 40, 0],
				"reset": true,
				"cubes": [
					{"origin": [-6, 26, -1], "size": [2, 14, 2], "uv": [40, 16]}
				]
			},
			{
				"name": "rightArm2",
				"parent": "rightArm",
				"pivot": [-5, 26, 0],
				"reset": true,
				"cubes": [
					{"origin": [-6, 14, -1], "size": [2, 12, 2], "uv": [48, 16]},
					{"origin": [-6, 13, -1], "size": [0.5, 1, 2], "uv": [0, 0]},
					{"origin": [-5.8, 12.8, -1], "size": [1.8, 0.5, 2], "uv": [0, 0]}
				]
			},
			{
				"name": "leftArm",
				"parent": "body",
				"pivot": [5, 40, 0],
				"reset": true,
				"mirror": true,
				"cubes": [
					{"origin": [4, 26, -1], "size": [2, 14, 2], "uv": [40, 16], "mirror": false}
				]
			},
			{
				"name": "leftArm2",
				"parent": "leftArm",
				"pivot": [5, 26, 0],
				"reset": true,
				"mirror": true,
				"cubes": [
					{"origin": [4, 14, -1], "size": [2, 12, 2], "uv": [48, 16]},
					{"origin": [5.5, 13, -1], "size": [0.5, 1, 2], "uv": [0, 0], "mirror": false},
					{"origin": [4, 12.8, -1], "size": [1.8, 0.5, 2], "uv": [0, 0], "mirror": false}
				]
			},
			{
				"name": "rightLeg",
				"parent": "body",
				"pivot": [-2, 28, 0],
				"reset": true,
				"cubes": [
					{"origin": [-3, 14, -1], "size": [2, 14, 2], "uv": [8, 16]}
				]
			},
			{
				"name": "rightLeg2",
				"parent": "rightLeg",
				"pivot": [-2, 14, 0],
				"reset": true,
				"cubes": [
					{"origin": [-3, 0, -1], "size": [2, 14, 2], "uv": [0, 16]}
				]
			},
			{
				"name": "leftLeg",
				"parent": "body",
				"pivot": [2, 28, 0],
				"reset": true,
				"mirror": true,
				"cubes": [
					{"origin": [1, 14, -1], "size": [2, 14, 2], "uv": [8, 16]}
				]
			},
			{
				"name": "leftLeg2",
				"parent": "body",
				"pivot": [2, 14, 0],
				"reset": true,
				"mirror": true,
				"cubes": [
					{"origin": [1, 0, -1], "size": [2, 14, 2], "uv": [0, 16]}
				]
			},
			{
				"name": "bone",
				"parent": "body",
				"pivot": [0, 17, 0]
			},
			{
				"name": "parta1",
				"parent": "bone",
				"pivot": [1, 38, 2],
				"rotation": [25, 40, -15],
				"reset": true,
				"cubes": [
					{"origin": [0.57358, 36.65381, 0.7424], "size": [2, 2, 6], "uv": [24, 0]}
				]
			},
			{
				"name": "parta2",
				"parent": "parta1",
				"pivot": [1.5, 37.5, 7],
				"rotation": [0, 35, 0],
				"reset": true,
				"cubes": [
					{"origin": [0.5, 36.7, 6.68848], "size": [2, 2, 6], "uv": [24, 0]}
				]
			},
			{
				"name": "parta3",
				"parent": "parta2",
				"pivot": [1.5, 37.5, 13],
				"rotation": [0, 35, 0],
				"reset": true,
				"cubes": [
					{"origin": [3, 36.7, 12.2], "size": [-2, 2, 6], "uv": [24, 0]}
				]
			},
			{
				"name": "parta4",
				"parent": "parta3",
				"pivot": [2, 37.5, 18],
				"rotation": [0, 40, 0],
				"reset": true,
				"cubes": [
					{"origin": [3.17416, 36.7, 17.79631], "size": [-2, 2, 6], "uv": [24, 0]},
					{"origin": [1.67416, 37.3, 22.59631], "size": [1, 1, 1], "uv": [28, 2], "inflate": 0.3},
					{"origin": [1.67416, 37.3, 22.79631], "size": [1, 1, 1], "uv": [28, 2], "inflate": 0.2},
					{"origin": [1.67416, 37.3, 22.99631], "size": [1, 1, 1], "uv": [29, 3], "inflate": 0.1},
					{"origin": [1.67416, 37.3, 23.19631], "size": [1, 1, 1], "uv": [29, 2]},
					{"origin": [1.67416, 37.3, 23.39631], "size": [1, 1, 1], "uv": [27, 2], "inflate": -0.9},
					{"origin": [1.67416, 37.3, 23.59631], "size": [1, 1, 1], "uv": [29, 3], "inflate": -0.2},
					{"origin": [1.67416, 37.3, 23.79631], "size": [1, 1, 1], "uv": [28, 4], "inflate": -0.3},
					{"origin": [1.67416, 37.3, 23.99631], "size": [1, 1, 1], "uv": [28, 3], "inflate": -0.4}
				]
			},
			{
				"name": "partb1",
				"parent": "bone",
				"pivot": [-1, 38, 2],
				"rotation": [25, -40, 15],
				"reset": true,
				"cubes": [
					{"origin": [-2.57358, 36.65381, 0.7424], "size": [2, 2, 6], "uv": [24, 0], "mirror": true}
				]
			},
			{
				"name": "partb2",
				"parent": "partb1",
				"pivot": [-1.5, 37.5, 7],
				"rotation": [0, -35, 0],
				"reset": true,
				"cubes": [
					{"origin": [-2.5, 36.7, 6.68848], "size": [2, 2, 6], "uv": [24, 0], "mirror": true}
				]
			},
			{
				"name": "partb3",
				"parent": "partb2",
				"pivot": [-1.5, 37.5, 13],
				"rotation": [0, -35, 0],
				"reset": true,
				"cubes": [
					{"origin": [-1, 36.7, 12.2], "size": [-2, 2, 6], "uv": [24, 0], "mirror": true}
				]
			},
			{
				"name": "partb4",
				"parent": "partb3",
				"pivot": [-2, 37.5, 18],
				"rotation": [0, -40, 0],
				"reset": true,
				"cubes": [
					{"origin": [-1.17416, 36.7, 17.79631], "size": [-2, 2, 6], "uv": [24, 0], "mirror": true},
					{"origin": [-2.67416, 37.3, 22.59631], "size": [1, 1, 1], "uv": [28, 2], "inflate": 0.3, "mirror": true},
					{"origin": [-2.67416, 37.3, 22.79631], "size": [1, 1, 1], "uv": [28, 2], "inflate": 0.2, "mirror": true},
					{"origin": [-2.67416, 37.3, 22.99631], "size": [1, 1, 1], "uv": [29, 3], "inflate": 0.1, "mirror": true},
					{"origin": [-2.67416, 37.3, 23.19631], "size": [1, 1, 1], "uv": [29, 2], "mirror": true},
					{"origin": [-2.67416, 37.3, 23.39631], "size": [1, 1, 1], "uv": [27, 2], "inflate": -0.9, "mirror": true},
					{"origin": [-2.67416, 37.3, 23.59631], "size": [1, 1, 1], "uv": [29, 3], "inflate": -0.2, "mirror": true},
					{"origin": [-2.67416, 37.3, 23.79631], "size": [1, 1, 1], "uv": [28, 4], "inflate": -0.3, "mirror": true},
					{"origin": [-2.67416, 37.3, 23.99631], "size": [1, 1, 1], "uv": [28, 3], "inflate": -0.4, "mirror": true}
				]
			},
			{
				"name": "partc1",
				"parent": "bone",
				"pivot": [1, 32, 2],
				"rotation": [-25, 40, 15],
				"reset": true,
				"cubes": [
					{"origin": [0.57358, 31.34619, 0.7424], "size": [2, 2, 6], "uv": [24, 0]}
				]
			},
			{
				"name": "partc2",
				"parent": "partc1",
				"pivot": [1.5, 32.5, 7],
				"rotation": [0, 35, 0],
				"reset": true,
				"cubes": [
					{"origin": [0.5, 31.3, 6.68848], "size": [2, 2, 6], "uv": [24, 0]}
				]
			},
			{
				"name": "partc3",
				"parent": "partc2",
				"pivot": [1.5, 32.5, 13],
				"rotation": [0, 35, 0],
				"reset": true,
				"cubes": [
					{"origin": [3, 31.3, 12.2], "size": [-2, 2, 6], "uv": [24, 0]}
				]
			},
			{
				"name": "partc4",
				"parent": "partc3",
				"pivot": [2, 32.5, 18],
				"rotation": [0, 40, 0],
				"reset": true,
				"cubes": [
					{"origin": [3.17416, 31.3, 17.79631], "size": [-2, 2, 6], "uv": [24, 0]},
					{"origin": [1.67416, 31.7, 22.59631], "size": [1, 1, 1], "uv": [28, 2], "inflate": 0.3},
					{"origin": [1.67416, 31.7, 22.79631], "size": [1, 1, 1], "uv": [28, 2], "inflate": 0.2},
					{"origin": [1.67416, 31.7, 22.99631], "size": [1, 1, 1], "uv": [29, 3], "inflate": 0.1},
					{"origin": [1.67416, 31.7, 23.19631], "size": [1, 1, 1], "uv": [29, 2]},
					{"origin": [1.67416, 31.7, 23.39631], "size": [1, 1, 1], "uv": [27, 2], "inflate": -0.9},
					{"origin": [1.67416, 31.7, 23.59631], "size": [1, 1, 1], "uv": [29, 3], "inflate": -0.2},
					{"origin": [1.67416, 31.7, 23.79631], "size": [1, 1, 1], "uv": [28, 4], "inflate": -0.3},
					{"origin": [1.67416, 31.7, 23.99631], "size": [1, 1, 1], "uv": [28, 3], "inflate": -0.4}
				]
			},
			{
				"name": "partd1",
				"parent": "bone",
				"pivot": [-1, 32, 2],
				"rotation": [-25, -40, -15],
				"reset": true,
				"cubes": [
					{"origin": [-2.57358, 31.34619, 0.7424], "size": [2, 2, 6], "uv": [24, 0], "mirror": true}
				]
			},
			{
				"name": "partd2",
				"parent": "partd1",
				"pivot": [-1.5, 32.5, 7],
				"rotation": [0, -35, 0],
				"reset": true,
				"cubes": [
					{"origin": [-2.5, 31.3, 6.68848], "size": [2, 2, 6], "uv": [24, 0], "mirror": true}
				]
			},
			{
				"name": "partd3",
				"parent": "partd2",
				"pivot": [-1.5, 32.5, 13],
				"rotation": [0, -35, 0],
				"reset": true,
				"cubes": [
					{"origin": [-1, 31.3, 12.2], "size": [-2, 2, 6], "uv": [24, 0], "mirror": true}
				]
			},
			{
				"name": "partd4",
				"parent": "partd3",
				"pivot": [-2, 32.5, 18],
				"rotation": [0, -40, 0],
				"reset": true,
				"cubes": [
					{"origin": [-1.17416, 31.3, 17.79631], "size": [-2, 2, 6], "uv": [24, 0], "mirror": true},
					{"origin": [-2.67416, 31.7, 22.59631], "size": [1, 1, 1], "uv": [28, 2], "inflate": 0.3, "mirror": true},
					{"origin": [-2.67416, 31.7, 22.79631], "size": [1, 1, 1], "uv": [28, 2], "inflate": 0.2, "mirror": true},
					{"origin": [-2.67416, 31.7, 22.99631], "size": [1, 1, 1], "uv": [29, 3], "inflate": 0.1, "mirror": true},
					{"origin": [-2.67416, 31.7, 23.19631], "size": [1, 1, 1], "uv": [29, 2], "mirror": true},
					{"origin": [-2.67416, 31.7, 23.39631], "size": [1, 1, 1], "uv": [27, 2], "inflate": -0.9, "mirror": true},
					{"origin": [-2.67416, 31.7, 23.59631], "size": [1, 1, 1], "uv": [29, 3], "inflate": -0.2, "mirror": true},
					{"origin": [-2.67416, 31.7, 23.79631], "size": [1, 1, 1], "uv": [28, 4], "inflate": -0.3, "mirror": true},
					{"origin": [-2.67416, 31.7, 23.99631], "size": [1, 1, 1], "uv": [28, 3], "inflate": -0.4, "mirror": true}
				]
			},
			{
				"name": "parte1",
				"parent": "bone",
				"pivot": [1, 35, 2],
				"rotation": [-20, 40, -15],
				"reset": true,
				"cubes": [
					{"origin": [0.57358, 33.65381, 0.7424], "size": [2, 2, 6], "uv": [24, 0]}
				]
			},
			{
				"name": "parte2",
				"parent": "parte1",
				"pivot": [1.5, 34.5, 7],
				"rotation": [0, 35, 0],
				"reset": true,
				"cubes": [
					{"origin": [0.5, 33.7, 6.68848], "size": [2, 2, 6], "uv": [24, 0]}
				]
			},
			{
				"name": "parte3",
				"parent": "parte2",
				"pivot": [1.5, 34.5, 13],
				"rotation": [0, 35, 0],
				"reset": true,
				"cubes": [
					{"origin": [3, 33.7, 12.2], "size": [-2, 2, 6], "uv": [24, 0]}
				]
			},
			{
				"name": "parte4",
				"parent": "parte3",
				"pivot": [2, 34.5, 18],
				"rotation": [0, 40, 0],
				"reset": true,
				"cubes": [
					{"origin": [3.17416, 33.7, 17.79631], "size": [-2, 2, 6], "uv": [24, 0]},
					{"origin": [1.67416, 34.3, 22.59631], "size": [1, 1, 1], "uv": [28, 2], "inflate": 0.3},
					{"origin": [1.67416, 34.3, 22.79631], "size": [1, 1, 1], "uv": [28, 2], "inflate": 0.2},
					{"origin": [1.67416, 34.3, 22.99631], "size": [1, 1, 1], "uv": [29, 3], "inflate": 0.1},
					{"origin": [1.67416, 34.3, 23.19631], "size": [1, 1, 1], "uv": [29, 2]},
					{"origin": [1.67416, 34.3, 23.39631], "size": [1, 1, 1], "uv": [27, 2], "inflate": -0.9},
					{"origin": [1.67416, 34.3, 23.59631], "size": [1, 1, 1], "uv": [29, 3], "inflate": -0.2},
					{"origin": [1.67416, 34.3, 23.79631], "size": [1, 1, 1], "uv": [28, 4], "inflate": -0.3},
					{"origin": [1.67416, 34.3, 23.99631], "size": [1, 1, 1], "uv": [28, 3], "inflate": -0.4}
				]
			},
			{
				"name": "partf1",
				"parent": "bone",
				"pivot": [-1, 35, 2],
				"rotation": [-20, -40, 15],
				"reset": true,
				"cubes": [
					{"origin": [-2.57358, 33.65381, 0.7424], "size": [2, 2, 6], "uv": [24, 0], "mirror": true}
				]
			},
			{
				"name": "partf2",
				"parent": "partf1",
				"pivot": [-1.5, 34.5, 7],
				"rotation": [0, -35, 0],
				"reset": true,
				"cubes": [
					{"origin": [-2.5, 33.7, 6.68848], "size": [2, 2, 6], "uv": [24, 0], "mirror": true}
				]
			},
			{
				"name": "partf3",
				"parent": "partf2",
				"pivot": [-1.5, 34.5, 13],
				"rotation": [0, -35, 0],
				"reset": true,
				"cubes": [
					{"origin": [-1, 33.7, 12.2], "size": [-2, 2, 6], "uv": [24, 0], "mirror": true}
				]
			},
			{
				"name": "partf4",
				"parent": "partf3",
				"pivot": [-2, 34.5, 18],
				"rotation": [0, -40, 0],
				"reset": true,
				"cubes": [
					{"origin": [-1.17416, 33.7, 17.79631], "size": [-2, 2, 6], "uv": [24, 0], "mirror": true},
					{"origin": [-2.67416, 34.3, 22.59631], "size": [1, 1, 1], "uv": [28, 2], "inflate": 0.3, "mirror": true},
					{"origin": [-2.67416, 34.3, 22.79631], "size": [1, 1, 1], "uv": [28, 2], "inflate": 0.2, "mirror": true},
					{"origin": [-2.67416, 34.3, 22.99631], "size": [1, 1, 1], "uv": [29, 3], "inflate": 0.1, "mirror": true},
					{"origin": [-2.67416, 34.3, 23.19631], "size": [1, 1, 1], "uv": [29, 2], "mirror": true},
					{"origin": [-2.67416, 34.3, 23.39631], "size": [1, 1, 1], "uv": [27, 2], "inflate": -0.9, "mirror": true},
					{"origin": [-2.67416, 34.3, 23.59631], "size": [1, 1, 1], "uv": [29, 3], "inflate": -0.2, "mirror": true},
					{"origin": [-2.67416, 34.3, 23.79631], "size": [1, 1, 1], "uv": [28, 4], "inflate": -0.3, "mirror": true},
					{"origin": [-2.67416, 34.3, 23.99631], "size": [1, 1, 1], "uv": [28, 3], "inflate": -0.4, "mirror": true}
				]
			}
		]
	}
}