{
	"format_version": "1.12.0",
	"minecraft:geometry": [
		{
			"description": {
				"identifier": "geometry.096",
				"texture_width": 90,
				"texture_height": 90,
				"visible_bounds_width": 7,
				"visible_bounds_height": 5,
				"visible_bounds_offset": [0, 0, 0]
			},
			"bones": [
				{
					"name": "all2",
					"pivot": [0, 0, 0]
				},
				{
					"name": "all",
					"parent": "all2",
					"pivot": [0.4, 30, 0]
				},
				{
					"name": "body",
					"parent": "all",
					"pivot": [0.5, 30, 0],
					"cubes": [
						{"origin": [-4.3, 30, -2.6], "size": [9.5, 3, 6], "uv": [24, 26]}
					]
				},
				{
					"name": "body2",
					"parent": "body",
					"pivot": [0.5, 32, -0.1],
					"cubes": [
						{"origin": [-3.6, 32, -1.6], "size": [8.2, 9, 4], "uv": [30, 13]},
						{"origin": [-2.9, 40, 1.2], "size": [3, 1, 1], "pivot": [-2.4, 36.5, 1.7], "rotation": [0, -10, 0], "uv": [70, 28]},
						{"origin": [-2.9, 38, 1.2], "size": [3, 1, 1], "pivot": [-2.4, 36.5, 1.7], "rotation": [0, -10, 0], "uv": [70, 26]},
						{"origin": [-2.9, 36, 1.2], "size": [3, 1, 1], "pivot": [-2.4, 36.5, 1.7], "rotation": [0, -10, 0], "uv": [70, 24]},
						{"origin": [-2.9, 34, 1.2], "size": [3, 1, 1], "pivot": [-2.4, 36.5, 1.7], "rotation": [0, -10, 0], "uv": [70, 22]},
						{"origin": [0.7, 34, 1.2], "size": [3, 1, 1], "pivot": [3.2, 36.5, 1.7], "rotation": [0, 10, 0], "uv": [70, 16]},
						{"origin": [0.7, 36, 1.2], "size": [3, 1, 1], "pivot": [3.2, 36.5, 1.7], "rotation": [0, 10, 0], "uv": [70, 14]},
						{"origin": [0.7, 38, 1.2], "size": [3, 1, 1], "pivot": [3.2, 36.5, 1.7], "rotation": [0, 10, 0], "uv": [56, 68]},
						{"origin": [0.7, 40, 1.2], "size": [3, 1, 1], "pivot": [3.2, 36.5, 1.7], "rotation": [0, 10, 0], "uv": [28, 0]}
					]
				},
				{
					"name": "body3",
					"parent": "body2",
					"pivot": [0.4, 40, -0.6],
					"cubes": [
						{"origin": [-5.1, 41, -2.6], "size": [11, 11, 6], "uv": [0, 0]},
						{"origin": [1.9, 41, -3.6], "size": [4, 11, 1], "uv": [56, 43]},
						{"origin": [-5.1, 41, -3.6], "size": [4, 11, 1], "uv": [32, 55]},
						{"origin": [-1.1, 48, -3.5], "size": [3, 4, 1.9], "pivot": [0.4, 49.5, -3.1], "rotation": [5, 0, 0], "uv": [68, 70]},
						{"origin": [-1.1, 43.9455, -3.58716], "size": [3, 4, 1.9], "pivot": [0.4, 45.4455, -3.18716], "rotation": [-5, 0, 0], "uv": [60, 70]},
						{"origin": [1.9, 42, -3.8], "size": [4, 1, 1], "pivot": [3.4, 46.5, -3.3], "rotation": [0, 10, 0], "uv": [70, 12]},
						{"origin": [0.7, 42, 2.2], "size": [5, 1, 1], "pivot": [3.2, 46.5, 2.7], "rotation": [0, 10, 0], "uv": [66, 2]},
						{"origin": [-5.1, 42, -3.8], "size": [4, 1, 1], "pivot": [-2.6, 46.5, -3.3], "rotation": [0, -10, 0], "uv": [70, 6]},
						{"origin": [-4.9, 42, 2.2], "size": [5, 1, 1], "pivot": [-2.4, 46.5, 2.7], "rotation": [0, -10, 0], "uv": [66, 18]},
						{"origin": [1.9, 44, -3.8], "size": [4, 1, 1], "pivot": [3.4, 46.5, -3.3], "rotation": [0, 10, 0], "uv": [70, 10]},
						{"origin": [0.7, 44, 2.2], "size": [5, 1, 1], "pivot": [3.2, 46.5, 2.7], "rotation": [0, 10, 0], "uv": [66, 0]},
						{"origin": [-5.1, 44, -3.8], "size": [4, 1, 1], "pivot": [-2.6, 46.5, -3.3], "rotation": [0, -10, 0], "uv": [70, 4]},
						{"origin": [-4.9, 44, 2.2], "size": [5, 1, 1], "pivot": [-2.4, 46.5, 2.7], "rotation": [0, -10, 0], "uv": [66, 20]},
						{"origin": [1.9, 46, -3.8], "size": [4, 1, 1], "pivot": [3.4, 46.5, -3.3], "rotation": [0, 10, 0], "uv": [70, 8]},
						{"origin": [0.7, 46, 2.2], "size": [5, 1, 1], "pivot": [3.2, 46.5, 2.7], "rotation": [0, 10, 0], "uv": [56, 66]},
						{"origin": [-5.1, 46, -3.8], "size": [4, 1, 1], "pivot": [-2.6, 46.5, -3.3], "rotation": [0, -10, 0], "uv": [48, 2]},
						{"origin": [-4.9, 46, 2.2], "size": [5, 1, 1], "pivot": [-2.4, 46.5, 2.7], "rotation": [0, -10, 0], "uv": [66, 43]},
						{"origin": [0.9, 48, -3.8], "size": [5, 1, 1], "pivot": [3.4, 46.5, -3.3], "rotation": [0, 10, 0], "uv": [69, 35]},
						{"origin": [0.7, 48, 2.2], "size": [5, 1, 1], "pivot": [3.2, 46.5, 2.7], "rotation": [0, 10, 0], "uv": [65, 54]},
						{"origin": [-5.1, 48, -3.8], "size": [5, 1, 1], "pivot": [-2.6, 46.5, -3.3], "rotation": [0, -10, 0], "uv": [66, 51]},
						{"origin": [-4.9, 48, 2.2], "size": [5, 1, 1], "pivot": [-2.4, 46.5, 2.7], "rotation": [0, -10, 0], "uv": [66, 45]},
						{"origin": [0.9, 50, -3.8], "size": [5, 1, 1], "pivot": [3.4, 46.5, -3.3], "rotation": [0, 10, 0], "uv": [32, 69]},
						{"origin": [4.9, 50, -3.8], "size": [1, 1, 3], "pivot": [7.4, 46.5, -3.3], "rotation": [0, 10, 0], "uv": [69, 37]},
						{"origin": [4.9, 48, -3.8], "size": [1, 1, 3], "pivot": [7.4, 44.5, -3.3], "rotation": [0, 10, 0], "uv": [41, 69]},
						{"origin": [4.9, 46, -3.8], "size": [1, 1, 3], "pivot": [7.4, 42.5, -3.3], "rotation": [0, 10, 0], "uv": [12, 54]},
						{"origin": [4.9, 44, -3.8], "size": [1, 1, 3], "pivot": [7.4, 40.5, -3.3], "rotation": [0, 10, 0], "uv": [10, 32]},
						{"origin": [0.7, 50, 2.2], "size": [5, 1, 1], "pivot": [3.2, 46.5, 2.7], "rotation": [0, 10, 0], "uv": [45, 0]},
						{"origin": [1.7, 50, 2.2], "size": [2, 1, 1], "pivot": [4.2, 46.5, 2.7], "rotation": [0, 10, 0], "uv": [24, 72]},
						{"origin": [1.7, 48, 2.2], "size": [2, 1, 1], "pivot": [4.2, 44.5, 2.7], "rotation": [0, 10, 0], "uv": [18, 72]},
						{"origin": [1.7, 46, 2.2], "size": [2, 1, 1], "pivot": [4.2, 42.5, 2.7], "rotation": [0, 10, 0], "uv": [12, 72]},
						{"origin": [2.7, 50, 2.2], "size": [2, 1, 1], "pivot": [5.2, 46.5, 2.7], "rotation": [0, 10, 0], "uv": [6, 72]},
						{"origin": [3.7, 50, 2.2], "size": [1, 1, 1], "pivot": [6.2, 46.5, 2.7], "rotation": [0, 10, 0], "uv": [77, 1]},
						{"origin": [-5.1, 50, -3.8], "size": [5, 1, 1], "pivot": [-2.6, 46.5, -3.3], "rotation": [0, -10, 0], "uv": [66, 49]},
						{"origin": [-5.1, 50, -2.8], "size": [1, 1, 2], "pivot": [-2.6, 46.5, -3.3], "rotation": [0, -10, 0], "uv": [36, 71]},
						{"origin": [-5.1, 48, -2.8], "size": [1, 1, 2], "pivot": [-2.6, 44.5, -3.3], "rotation": [0, -10, 0], "uv": [30, 71]},
						{"origin": [-5.1, 46, -2.8], "size": [1, 1, 2], "pivot": [-2.6, 42.5, -3.3], "rotation": [0, -10, 0], "uv": [70, 64]},
						{"origin": [-5.1, 44, -2.8], "size": [1, 1, 2], "pivot": [-2.6, 40.5, -3.3], "rotation": [0, -10, 0], "uv": [70, 30]},
						{"origin": [-4.9, 50, 2.2], "size": [5, 1, 1], "pivot": [-2.4, 46.5, 2.7], "rotation": [0, -10, 0], "uv": [66, 47]},
						{"origin": [-2.9, 50, 2.2], "size": [2, 1, 1], "pivot": [-3.4, 46.5, 2.7], "rotation": [0, -10, 0], "uv": [0, 74]},
						{"origin": [-2.9, 48, 2.2], "size": [2, 1, 1], "pivot": [-3.4, 44.5, 2.7], "rotation": [0, -10, 0], "uv": [41, 73]},
						{"origin": [-2.9, 46, 2.2], "size": [2, 1, 1], "pivot": [-3.4, 42.5, 2.7], "rotation": [0, -10, 0], "uv": [54, 72]},
						{"origin": [-3.9, 50, 2.2], "size": [2, 1, 1], "pivot": [-4.4, 46.5, 2.7], "rotation": [0, -10, 0], "uv": [48, 72]},
						{"origin": [-4.9, 50, 2.2], "size": [2, 1, 1], "pivot": [-5.4, 46.5, 2.7], "rotation": [0, -10, 0], "uv": [0, 72]}
					]
				},
				{
					"name": "leftarm",
					"parent": "body3",
					"pivot": [7, 50, 0],
					"cubes": [
						{"origin": [6, 36, -2], "size": [3, 16, 4], "uv": [42, 42]}
					]
				},
				{
					"name": "leftarm2",
					"parent": "leftarm",
					"pivot": [8, 36, 0],
					"cubes": [
						{"origin": [6, 18, -2], "size": [3, 18, 4], "uv": [14, 32]}
					]
				},
				{
					"name": "roleft",
					"parent": "leftarm2",
					"pivot": [7.5, 18, 0],
					"locators": {
						"bla": [7, 15, 0]
					}
				},
				{
					"name": "leftarm3",
					"parent": "roleft",
					"pivot": [7.5, 18, 0],
					"cubes": [
						{"origin": [7, 16, -2], "size": [1, 2, 4], "uv": [50, 66]}
					]
				},
				{
					"name": "leftarm4",
					"parent": "leftarm3",
					"pivot": [7.5, 16, 1.5],
					"cubes": [
						{"origin": [7, 13, 1], "size": [1, 3, 1], "uv": [62, 75]}
					]
				},
				{
					"name": "leftarm5",
					"parent": "leftarm4",
					"pivot": [7.5, 13.5, 1.5],
					"cubes": [
						{"origin": [7, 11, 1], "size": [1, 3, 1], "uv": [58, 75]}
					]
				},
				{
					"name": "leftarm7",
					"parent": "leftarm3",
					"pivot": [7.5, 16, 0.5],
					"cubes": [
						{"origin": [7, 13, 0], "size": [1, 3, 1], "uv": [42, 75]}
					]
				},
				{
					"name": "leftarm8",
					"parent": "leftarm7",
					"pivot": [7.5, 13.5, 0.5],
					"cubes": [
						{"origin": [7, 11, 0], "size": [1, 3, 1], "uv": [74, 56]}
					]
				},
				{
					"name": "leftarm9",
					"parent": "leftarm8",
					"pivot": [7.5, 11.5, 0.5],
					"cubes": [
						{"origin": [7, 10, 0], "size": [1, 2, 1], "uv": [11, 78]}
					]
				},
				{
					"name": "leftarm10",
					"parent": "leftarm3",
					"pivot": [7.5, 16, -0.5],
					"cubes": [
						{"origin": [7, 13, -1], "size": [1, 3, 1], "uv": [54, 74]}
					]
				},
				{
					"name": "leftarm11",
					"parent": "leftarm10",
					"pivot": [7.5, 13.5, -0.5],
					"cubes": [
						{"origin": [7, 11, -1], "size": [1, 3, 1], "uv": [50, 74]}
					]
				},
				{
					"name": "leftarm12",
					"parent": "leftarm11",
					"pivot": [7.5, 11.5, -0.5],
					"cubes": [
						{"origin": [7, 9, -1], "size": [1, 3, 1], "uv": [46, 74]}
					]
				},
				{
					"name": "leftarm13",
					"parent": "leftarm3",
					"pivot": [7.5, 16, -1.5],
					"cubes": [
						{"origin": [7, 13, -2], "size": [1, 3, 1], "uv": [38, 74]}
					]
				},
				{
					"name": "leftarm14",
					"parent": "leftarm13",
					"pivot": [7.5, 13.5, -1.5],
					"cubes": [
						{"origin": [7, 11, -2], "size": [1, 3, 1], "uv": [34, 74]}
					]
				},
				{
					"name": "leftarm15",
					"parent": "leftarm14",
					"pivot": [7.5, 11.5, -1.5],
					"cubes": [
						{"origin": [7, 10, -2], "size": [1, 2, 1], "uv": [7, 78]}
					]
				},
				{
					"name": "leftarm16",
					"parent": "leftarm3",
					"pivot": [7.5, 17, -2],
					"cubes": [
						{"origin": [7, 14, -3], "size": [1, 3, 1], "uv": [30, 74]}
					]
				},
				{
					"name": "leftarm17",
					"parent": "leftarm16",
					"pivot": [7.5, 14.5, -2.5],
					"cubes": [
						{"origin": [7, 12, -3], "size": [1, 3, 1], "uv": [26, 74]}
					]
				},
				{
					"name": "rightarm",
					"parent": "body3",
					"pivot": [-6, 50, 0],
					"cubes": [
						{"origin": [-8, 36, -2], "size": [3, 16, 4], "uv": [28, 35]}
					]
				},
				{
					"name": "rightarm2",
					"parent": "rightarm",
					"pivot": [-6, 36, 0],
					"cubes": [
						{"origin": [-8, 18, -2], "size": [3, 18, 4], "uv": [0, 32]}
					]
				},
				{
					"name": "roright",
					"parent": "rightarm2",
					"pivot": [-6.5, 18, 0],
					"locators": {
						"bra": [-6, 15, 0]
					}
				},
				{
					"name": "rightarm3",
					"parent": "roright",
					"pivot": [-6.5, 18, 0],
					"cubes": [
						{"origin": [-7, 16, -2], "size": [1, 2, 4], "uv": [64, 64]}
					]
				},
				{
					"name": "rightarm4",
					"parent": "rightarm3",
					"pivot": [-6.5, 16, 1.5],
					"cubes": [
						{"origin": [-7, 13, 1], "size": [1, 3, 1], "uv": [22, 74]}
					]
				},
				{
					"name": "rightarm5",
					"parent": "rightarm4",
					"pivot": [-6.5, 13.5, 1.5],
					"cubes": [
						{"origin": [-7, 11, 1], "size": [1, 3, 1], "uv": [18, 74]}
					]
				},
				{
					"name": "rightarm7",
					"parent": "rightarm3",
					"pivot": [-6.5, 16, 0.5],
					"cubes": [
						{"origin": [-7, 13, 0], "size": [1, 3, 1], "uv": [14, 74]}
					]
				},
				{
					"name": "rightarm8",
					"parent": "rightarm7",
					"pivot": [-6.5, 13.5, 0.5],
					"cubes": [
						{"origin": [-7, 11, 0], "size": [1, 3, 1], "uv": [10, 74]}
					]
				},
				{
					"name": "rightarm9",
					"parent": "rightarm8",
					"pivot": [-6.5, 11.5, 0.5],
					"cubes": [
						{"origin": [-7, 10, 0], "size": [1, 2, 1], "uv": [3, 78]}
					]
				},
				{
					"name": "rightarm10",
					"parent": "rightarm3",
					"pivot": [-6.5, 16, -0.5],
					"cubes": [
						{"origin": [-7, 13, -1], "size": [1, 3, 1], "uv": [6, 74]}
					]
				},
				{
					"name": "rightarm11",
					"parent": "rightarm10",
					"pivot": [-6.5, 13.5, -0.5],
					"cubes": [
						{"origin": [-7, 11, -1], "size": [1, 3, 1], "uv": [54, 18]}
					]
				},
				{
					"name": "rightarm12",
					"parent": "rightarm11",
					"pivot": [-6.5, 11.5, -0.5],
					"cubes": [
						{"origin": [-7, 9, -1], "size": [1, 3, 1], "uv": [0, 54]}
					]
				},
				{
					"name": "rightarm13",
					"parent": "rightarm3",
					"pivot": [-6.5, 16, -1.5],
					"cubes": [
						{"origin": [-7, 13, -2], "size": [1, 3, 1], "uv": [50, 13]}
					]
				},
				{
					"name": "rightarm14",
					"parent": "rightarm13",
					"pivot": [-6.5, 13.5, -1.5],
					"cubes": [
						{"origin": [-7, 11, -2], "size": [1, 3, 1], "uv": [42, 42]}
					]
				},
				{
					"name": "rightarm15",
					"parent": "rightarm14",
					"pivot": [-6.5, 11.5, -1.5],
					"cubes": [
						{"origin": [-7, 10, -2], "size": [1, 2, 1], "uv": [77, 73]}
					]
				},
				{
					"name": "rightarm16",
					"parent": "rightarm3",
					"pivot": [-6.5, 17, -2],
					"cubes": [
						{"origin": [-7, 14, -3], "size": [1, 3, 1], "uv": [28, 35]}
					]
				},
				{
					"name": "rightarm17",
					"parent": "rightarm16",
					"pivot": [-6.5, 14.5, -2.5],
					"cubes": [
						{"origin": [-7, 12, -3], "size": [1, 3, 1], "uv": [0, 32]}
					]
				},
				{
					"name": "neck",
					"parent": "body3",
					"pivot": [0.4, 52, 0.5],
					"cubes": [
						{"origin": [-1.6, 51, -1], "size": [4, 6, 3], "uv": [34, 0]}
					]
				},
				{
					"name": "head",
					"parent": "neck",
					"pivot": [0.4, 57, 0.5],
					"cubes": [
						{"origin": [-3.6, 57, -3], "size": [8, 8, 7], "uv": [0, 17]},
						{"origin": [-2.6, 55, -1], "size": [6, 2, 5], "uv": [52, 36]},
						{"origin": [-2.6, 60, -3.8], "size": [6, 2, 0.8], "uv": [0, 81]},
						{"origin": [-3.6, 58, -4], "size": [8, 2, 1], "uv": [56, 56]},
						{"origin": [-2.7, 57, -4], "size": [6.2, 1, 1], "uv": [42, 38]},
						{"origin": [-3.6, 62, -4], "size": [8, 3, 1], "uv": [34, 9]},
						{"origin": [-0.6, 61, -4], "size": [2, 1, 1], "uv": [70, 33]},
						{"origin": [-0.6, 60, -4], "size": [2, 1, 1], "uv": [70, 33]},
						{"origin": [-3.6, 61, -4], "size": [1, 1, 1], "uv": [76, 33]},
						{"origin": [-3.6, 60, -4], "size": [1, 1, 1], "uv": [76, 33]},
						{"origin": [3.4, 61, -4], "size": [1, 1, 1], "uv": [34, 71]},
						{"origin": [3.4, 60, -4], "size": [1, 1, 1], "uv": [34, 71]},
						{"origin": [-0.3, 60.1, -4.3], "size": [1.5, 3, 1], "pivot": [-0.3, 61.1, -8.3], "rotation": [-20, 0, 0], "uv": [0, 0]},
						{"origin": [1.2, 56.1, -4.1], "size": [2, 2, 1.2], "inflate": -0.5, "uv": [0, 17]},
						{"origin": [0.1, 56.1, -4.1], "size": [2, 2, 1.2], "inflate": -0.5, "uv": [0, 20]},
						{"origin": [-1, 56.1, -4.1], "size": [2, 2, 1.2], "inflate": -0.5, "uv": [23, 17]},
						{"origin": [-2.1, 56.1, -4.1], "size": [2, 2, 1.2], "inflate": -0.5, "uv": [23, 20]},
						{"origin": [2.5, 56, -3.8], "size": [1.2, 2, 1.5], "inflate": -0.5, "uv": [74, 75]},
						{"origin": [2.5, 56, -3.2], "size": [1.2, 2, 1.5], "inflate": -0.5, "uv": [70, 75]},
						{"origin": [2.1, 56, -2.6], "size": [1.6, 2, 1.5], "inflate": -0.5, "uv": [66, 75]},
						{"origin": [-2.9, 56, -3.2], "size": [1.2, 2, 1.5], "inflate": -0.5, "uv": [74, 67]},
						{"origin": [-2.9, 56, -2.6], "size": [1.6, 2, 1.5], "inflate": -0.5, "uv": [74, 37]},
						{"origin": [-2.9, 56, -3.8], "size": [1.2, 2, 1.5], "inflate": -0.5, "uv": [46, 69]},
						{"origin": [-2.9, 56.1, -4.1], "size": [1.6, 2, 1.2], "inflate": -0.5, "uv": [28, 55]},
						{"origin": [2.3, 56.1, -4.1], "size": [1.4, 2, 1.2], "inflate": -0.5, "uv": [52, 43]}
					]
				},
				{
					"name": "mouth",
					"parent": "head",
					"pivot": [0.4, 61, -0.5],
					"cubes": [
						{"origin": [-2.6, 55, -3.9], "size": [6, 1, 2.9], "uv": [38, 35]},
						{"origin": [-2.1, 55, -4.2], "size": [2, 2, 1.2], "inflate": -0.5, "uv": [48, 29]},
						{"origin": [-2.9, 55, -4.2], "size": [1.6, 2, 1.2], "inflate": -0.5, "uv": [77, 52]},
						{"origin": [2.3, 55, -4.2], "size": [1.4, 2, 1.2], "inflate": -0.5, "uv": [75, 63]},
						{"origin": [-2.9, 55, -3.9], "size": [1.2, 2, 1.6], "inflate": -0.5, "uv": [76, 70]},
						{"origin": [2.5, 55, -3.9], "size": [1.2, 2, 1.6], "inflate": -0.5, "uv": [0, 76]},
						{"origin": [-2.9, 55, -3.2], "size": [1.2, 2, 1.5], "inflate": -0.5, "uv": [77, 77]},
						{"origin": [2.5, 55, -3.2], "size": [1.2, 2, 1.5], "inflate": -0.5, "uv": [76, 40]},
						{"origin": [-2.9, 55, -2.6], "size": [1.6, 2, 1.5], "inflate": -0.5, "uv": [76, 60]},
						{"origin": [2.1, 55, -2.6], "size": [1.6, 2, 1.5], "inflate": -0.5, "uv": [76, 30]},
						{"origin": [-1, 55, -4.2], "size": [2, 2, 1.2], "inflate": -0.5, "uv": [48, 26]},
						{"origin": [0.1, 55, -4.2], "size": [2, 2, 1.2], "inflate": -0.5, "uv": [48, 4]},
						{"origin": [1.2, 55, -4.2], "size": [2, 2, 1.2], "inflate": -0.5, "uv": [28, 2]},
						{"origin": [-2.6, 56, -1.9], "size": [6, 4, 1], "uv": [15, 78]}
					]
				},
				{
					"name": "cen_b",
					"parent": "head",
					"pivot": [2.3, 62.5, -3.6]
				},
				{
					"name": "brown4",
					"parent": "cen_b",
					"pivot": [2.3, 62.5, -3.6],
					"rotation": [0, 0, 15],
					"cubes": [
						{"origin": [1.3, 62, -4.1], "size": [2, 1, 1], "uv": [0, 4]}
					]
				},
				{
					"name": "brown2",
					"parent": "cen_b",
					"pivot": [2.3, 62.5, -3.6],
					"rotation": [0, 0, -15],
					"cubes": [
						{"origin": [1.3, 62, -4.1], "size": [2, 1, 1], "uv": [50, 62]}
					]
				},
				{
					"name": "cen_b2",
					"parent": "head",
					"pivot": [-1.5, 62.5, -3.6]
				},
				{
					"name": "brown3",
					"parent": "cen_b2",
					"pivot": [-1.5, 62.5, -3.6],
					"rotation": [0, 0, 15],
					"cubes": [
						{"origin": [-2.6, 62, -4.1], "size": [2, 1, 1], "uv": [48, 7]}
					]
				},
				{
					"name": "brown",
					"parent": "cen_b2",
					"pivot": [-1.5, 62.5, -3.6],
					"rotation": [0, 0, -15],
					"cubes": [
						{"origin": [-2.6, 62, -4.1], "size": [2, 1, 1], "uv": [32, 67]}
					]
				},
				{
					"name": "rightleg",
					"parent": "all",
					"pivot": [-2, 30, 0],
					"cubes": [
						{"origin": [-4, 16, -2], "size": [4, 14, 4], "uv": [54, 18]}
					]
				},
				{
					"name": "rightleg2",
					"parent": "rightleg",
					"pivot": [-2, 16, 0],
					"cubes": [
						{"origin": [-4, 2, -2], "size": [4, 14, 4], "uv": [54, 0]}
					]
				},
				{
					"name": "rightleg3",
					"parent": "rightleg2",
					"pivot": [-2, 2, 0],
					"cubes": [
						{"origin": [-4, 0, -2], "size": [4, 2, 4], "uv": [38, 63]}
					]
				},
				{
					"name": "leftleg",
					"parent": "all",
					"pivot": [3, 30, 0],
					"cubes": [
						{"origin": [1, 16, -2], "size": [4, 14, 4], "uv": [16, 54]}
					]
				},
				{
					"name": "leftleg2",
					"parent": "leftleg",
					"pivot": [3, 16, 0],
					"cubes": [
						{"origin": [1, 2, -2], "size": [4, 14, 4], "uv": [0, 54]}
					]
				},
				{
					"name": "leftleg3",
					"parent": "leftleg2",
					"pivot": [3, 2, 0],
					"cubes": [
						{"origin": [1, 0, -2], "size": [4, 2, 4], "uv": [52, 60]}
					]
				}
			]
		}
	]
}