{
  "format_version": "1.8.0",
  "minecraft:client_entity": {
    "description": {
      "identifier": "creepypasta:lost_sliver",
      "materials": {
        "default": "spider",
        "invisible": "spider_invisible"
      },
      "textures": {
        "default": "entity/lost_sliver"
      },
      "geometry": {
        "default": "geometry.a"
      },
      "scripts": {
        "scale":"1.0"
      },
      "animations": {
        "base": "animation.creepypasta.base",
        "walk": "animation.unry.walk"
      },
      "animation_controllers": [
        { "walk": "controller.animation.unry.walk" },
        { "base": "controller.animation.unry.base" }
      ],
      "render_controllers": [ "controller.render.spider" ],
      "spawn_egg": {
          "base_color": "#070707",
          "overlay_color": "#c7c7c7"
      }
    }
  }
}
