{
  "format_version": "1.8.0",
  "minecraft:client_entity": {
    "description": {
      "identifier": "creepypasta:slendy",
      "materials": {
        "default": "spider",
        "invisible": "spider_invisible"
      },
      "textures": {
        "default": "entity/slendy"
      },
      "geometry": {
        "default": "geometry.slenderman"
      },
      "scripts": {
        "scale":"1.08",
        "pre_animation": [
"variable.tentacles_x_rotation = query.is_delayed_attacking==1&&query.get_equipped_item_name==''?query.target_x_rotation:0;",
"variable.tentaclesa1_y_rotation = query.is_delayed_attacking==1&&query.get_equipped_item_name==''?(Math.sin(query.anim_time*250)*30.0)-25:0;",
"variable.tentaclesa2_y_rotation = query.is_delayed_attacking==1&&query.get_equipped_item_name==''?(Math.sin(query.anim_time*250)*50.0)+30:0;",
"variable.tentaclesa3_y_rotation = query.is_delayed_attacking==1&&query.get_equipped_item_name==''?Math.sin(query.anim_time*250)*-10:0;",
"variable.tentaclesa4_y_rotation = query.is_delayed_attacking==1&&query.get_equipped_item_name==''?Math.sin(query.anim_time*250)*-20:0;",
"variable.tentaclesb1_y_rotation = query.is_delayed_attacking==1&&query.get_equipped_item_name==''?(Math.sin(query.anim_time*250)*-30.0)+25:0;",
"variable.tentaclesb2_y_rotation = query.is_delayed_attacking==1&&query.get_equipped_item_name==''?(Math.sin(query.anim_time*250)*-50.0)-30:0;",
"variable.tentaclesb3_y_rotation = query.is_delayed_attacking==1&&query.get_equipped_item_name==''?Math.sin(query.anim_time*250)*10:0;",
"variable.tentaclesb4_y_rotation = query.is_delayed_attacking==1&&query.get_equipped_item_name==''?Math.sin(query.anim_time*250)*20:0;"
        ]
      },
      "animations": {
        "base": "animation.creepypasta.base",
        "walk": "animation.unry.walk",
        "tentacles_rock": "animation.unry.tentacles_rock"
      },
      "animation_controllers": [
        { "walk": "controller.animation.unry.walk" },
        { "base": "controller.animation.unry.base" },
        { "attack": "controller.animation.slenderman.attack" }
      ],
      "render_controllers": [ "controller.render.spider" ],
      "spawn_egg": {
          "base_color": "#070707",
          "overlay_color": "#c7c7c7"
      }
    }
  }
}
